res,num,profile
F,253,  -0.02
Y,254,  -0.09
A,255,  -0.15
G,256,  -0.17
M,257,  -0.17
D,258,  -0.15
M,259,  -0.13
G,260,  -0.11
T,261,  -0.07
K,262,  -0.03
S,263,   0.02
I,264,   0.09
C,265,   0.14
L,266,   0.16
I,267,   0.17
F,268,   0.17
A,269,   0.17
T,270,   0.18
L,271,   0.19
Y,272,   0.20
S,273,   0.22
P,274,   0.24
G,275,   0.27
H,276,   0.27
S,277,   0.28
V,278,   0.25
L,279,   0.19
I,280,   0.12
I,281,   0.06
I,282,  -0.02
T,283,  -0.11
H,284,  -0.16
P,285,  -0.26
K,286,  -0.33
L,287,  -0.35
K,288,  -0.34
T,289,  -0.34
T,290,  -0.29
A,291,  -0.26
K,292,  -0.19
K,293,  -0.12
I,294,  -0.06
